login,name,company,location,email,hireable,bio,public_repos,followers,following,created_at
krishnaik06,,,,,,,0,0,0,
championswimmer,,,,,,,0,0,0,
arpitbbhayani,,,,,,,0,0,0,
manjunath5496,,,,,,,0,0,0,
tanaypratap,,,,,,,0,0,0,
prateek27,,,,,,,0,0,0,
Hack-with-Github,,,,,,,0,0,0,
rahuldkjain,,,,,,,0,0,0,
callicoder,,,,,,,0,0,0,
vinitshahdeo,,,,,,,0,0,0,
preethamb97,,,,,,,0,0,0,
nikhita,,,,,,,0,0,0,
captn3m0,,,,,,,0,0,0,
sunnysavita10,,,,,,,0,0,0,
laxmimerit,,,,,,,0,0,0,
mr-karan,,,,,,,0,0,0,
abhishh1,,,,,,,0,0,0,
uchiha-suraj,,,,,,,0,0,0,
swapagarwal,,,,,,,0,0,0,
agnivade,,,,,,,0,0,0,
PranamBhat,,,,,,,0,0,0,
zerodha,,,,,,,0,0,0,
ravdy,,,,,,,0,0,0,
ad1992,,,,,,,0,0,0,
sohamkamani,,,,,,,0,0,0,
bigint,,,,,,,0,0,0,
ghoshsuman845,,,,,,,0,0,0,
techiescamp,,,,,,,0,0,0,
ValaxyTech,,,,,,,0,0,0,
sachinchoolur,,,,,,,0,0,0,
saadozone,,,,,,,0,0,0,
avinassh,,,,,,,0,0,0,
saiyam1814,,,,,,,0,0,0,
niharika2810,,,,,,,0,0,0,
rohan-paul,,,,,,,0,0,0,
dipakkr,,,,,,,0,0,0,
pastelsky,,,,,,,0,0,0,
anandology,,,,,,,0,0,0,
dynamitechetan,,,,,,,0,0,0,
kailashahirwar,,,,,,,0,0,0,
thejeshgn,,,,,,,0,0,0,
gokulkrishh,,,,,,,0,0,0,
MithunTechnologiesDevOps,,,,,,,0,0,0,
yua-9,,,,,,,0,0,0,
pranjay-poddar,,,,,,,0,0,0,
ishandeveloper,,,,,,,0,0,0,
karma9874,,,,,,,0,0,0,
albseb511,,,,,,,0,0,0,
Vanshikagarg17,,,,,,,0,0,0,
hasura,,,,,,,0,0,0,
itaditya,,,,,,,0,0,0,
s-yadav,,,,,,,0,0,0,
ravidsrk,,,,,,,0,0,0,
razorpay,,,,,,,0,0,0,
jassics,,,,,,,0,0,0,
asquare14,,,,,,,0,0,0,
Amarjit-ph,,,,,,,0,0,0,
ristri,,,,,,,0,0,0,
avnyadav,,,,,,,0,0,0,
geohacker,,,,,,,0,0,0,
blenderskool,,,,,,,0,0,0,
prateekbh,,,,,,,0,0,0,
AnkitSharma-007,,,,,,,0,0,0,
keralahacker,,,,,,,0,0,0,
anandjha90,,,,,,,0,0,0,
athityakumar,,,,,,,0,0,0,
tkmagesh,,,,,,,0,0,0,
amitkaps,,,,,,,0,0,0,
kunchalavikram1427,,,,,,,0,0,0,
rouseguy,,,,,,,0,0,0,
sayanchowdhury,,,,,,,0,0,0,
HashNuke,,,,,,,0,0,0,
thealphadollar,,,,,,,0,0,0,
juspay,,,,,,,0,0,0,
Priyanka488,,,,,,,0,0,0,
basahota,,,,,,,0,0,0,
nishanil,,,,,,,0,0,0,
Mukesh-50,,,,,,,0,0,0,
graviraja,,,,,,,0,0,0,
stucchio,,,,,,,0,0,0,
rahulsahay19,,,,,,,0,0,0,
hacksparrow,,,,,,,0,0,0,
Dhaiwat10,,,,,,,0,0,0,
rShetty,,,,,,,0,0,0,
kamleshchandnani,,,,,,,0,0,0,
sreya-satheesh,,,,,,,0,0,0,
sanghamitra0591,,,,,,,0,0,0,
akashc777,,,,,,,0,0,0,
rohan1917,,,,,,,0,0,0,
devopstrainingblr,,,,,,,0,0,0,
adil-shabab,,,,,,,0,0,0,
jace,,,,,,,0,0,0,
selva86,,,,,,,0,0,0,
AnilDeshpande,,,,,,,0,0,0,
Sourabh-hulloli,,,,,,,0,0,0,
0x48piraj,,,,,,,0,0,0,
arnabsen1729,,,,,,,0,0,0,
nishnik,,,,,,,0,0,0,
ArchishmanSengupta,,,,,,,0,0,0,
PrateekKumarSingh,,,,,,,0,0,0,
narasimhareddyprostack,,,,,,,0,0,0,
Mrvishal2k2,,,,,,,0,0,0,
CRED-CLUB,,,,,,,0,0,0,
satu0king,,,,,,,0,0,0,
alok722,,,,,,,0,0,0,
hariketsheth,,,,,,,0,0,0,
Noumanabegum,,,,,,,0,0,0,
kanahaiya,,,,,,,0,0,0,
shahidhk,,,,,,,0,0,0,
biraj21,,,,,,,0,0,0,
techytushar,,,,,,,0,0,0,
abhisek,,,,,,,0,0,0,
analyticsindiamagazine,,,,,,,0,0,0,
0xbharath,,,,,,,0,0,0,
ushareng,,,,,,,0,0,0,
iAmKankan,,,,,,,0,0,0,
mukeshsolanki,,,,,,,0,0,0,
Gogul09,,,,,,,0,0,0,
farmantasleem,,,,,,,0,0,0,
thatbeautifuldream,,,,,,,0,0,0,
nishanthvijayan,,,,,,,0,0,0,
kunalg123,,,,,,,0,0,0,
Jay-study-nildana,,,,,,,0,0,0,
SubhrajyotiSen,,,,,,,0,0,0,
amritanjali123,,,,,,,0,0,0,
ameerthehacker,,,,,,,0,0,0,
anirudhRowjee,,,,,,,0,0,0,
kitarp29,,,,,,,0,0,0,
devfolioco,,,,,,,0,0,0,
maddhruv,,,,,,,0,0,0,
helloanoop,,,,,,,0,0,0,
kshivakumar27,,,,,,,0,0,0,
mosip,,,,,,,0,0,0,
Infosys,,,,,,,0,0,0,
NSG650,,,,,,,0,0,0,
Anniepoo,,,,,,,0,0,0,
anudeepND,,,,,,,0,0,0,
hegdepavankumar,,,,,,,0,0,0,
sanketsahu,,,,,,,0,0,0,
Kritikalcoder,,,,,,,0,0,0,
somanath-goudar,,,,,,,0,0,0,
h4h13,,,,,,,0,0,0,
cpraveen,,,,,,,0,0,0,
karthikb351,,,,,,,0,0,0,
shashikunal,,,,,,,0,0,0,
datameet,,,,,,,0,0,0,
sahilbansal17,,,,,,,0,0,0,
anuragsinghbam,,,,,,,0,0,0,
jo-angra,,,,,,,0,0,0,
ananthakumaran,,,,,,,0,0,0,
arkprocoder,,,,,,,0,0,0,
florist-notes,,,,,,,0,0,0,
rohanpatankar926,,,,,,,0,0,0,
shashankmehta,,,,,,,0,0,0,
pravj,,,,,,,0,0,0,
danascape,,,,,,,0,0,0,
vaidehi2701,,,,,,,0,0,0,
paramaggarwal,,,,,,,0,0,0,
lepisma,,,,,,,0,0,0,
kshitijmishra23,,,,,,,0,0,0,
ashokslsk,,,,,,,0,0,0,
sangam14,,,,,,,0,0,0,
midopooler,,,,,,,0,0,0,
utsho-sadhak-joy,,,,,,,0,0,0,
MohanM501,,,,,,,0,0,0,
vishnummv,,,,,,,0,0,0,
KunaalNaik,,,,,,,0,0,0,
Rishon-A-Singh,,,,,,,0,0,0,
aniruddhachoudhury,,,,,,,0,0,0,
awantik,,,,,,,0,0,0,
krmahadevan,,,,,,,0,0,0,
alanchrissantony,,,,,,,0,0,0,
pythonhacker,,,,,,,0,0,0,
Souravdey777,,,,,,,0,0,0,
saishkulkarni,,,,,,,0,0,0,
Srijancse-zz,,,,,,,0,0,0,
kaiwan,,,,,,,0,0,0,
ChillarAnand,,,,,,,0,0,0,
agrawalrajat310,,,,,,,0,0,0,
abhikmitra,,,,,,,0,0,0,
nimishbongale,,,,,,,0,0,0,
Irfanrida,,,,,,,0,0,0,
Rahul-Rajeevan,,,,,,,0,0,0,
the-hyp0cr1t3,,,,,,,0,0,0,
RivuChk,,,,,,,0,0,0,
ilyas-it83,,,,,,,0,0,0,
jidhu-mohan,,,,,,,0,0,0,
sre42,,,,,,,0,0,0,
Harshal0902,,,,,,,0,0,0,
raveendratal,,,,,,,0,0,0,
shrutipanjwani,,,,,,,0,0,0,
karndeepsingh,,,,,,,0,0,0,
hardik05,,,,,,,0,0,0,
ankeetmaini,,,,,,,0,0,0,
Santhoshkumard11,,,,,,,0,0,0,
skulltech,,,,,,,0,0,0,
AnkitaBagale,,,,,,,0,0,0,
akjasim,,,,,,,0,0,0,
imSanjaySoni,,,,,,,0,0,0,
ronbonnke,,,,,,,0,0,0,
supragya,,,,,,,0,0,0,
PuneethReddyHC,,,,,,,0,0,0,
Haimantika,,,,,,,0,0,0,
vijay-jaisankar,,,,,,,0,0,0,
priya1793,,,,,,,0,0,0,
bibinwilson,,,,,,,0,0,0,
pallavagarwal07,,,,,,,0,0,0,
abhishekrathore,,,,,,,0,0,0,
vivekp,,,,,,,0,0,0,
arctutorials,,,,,,,0,0,0,
JijoBose,,,,,,,0,0,0,
neogcamp,,,,,,,0,0,0,
dhilipsiva,,,,,,,0,0,0,
harshgoel05,,,,,,,0,0,0,
sreetamdas,,,,,,,0,0,0,
ganapativs,,,,,,,0,0,0,
Siddhesh-Agarwal,,,,,,,0,0,0,
ipaul1996,,,,,,,0,0,0,
hkedia321,,,,,,,0,0,0,
GeekyAnts,,,,,,,0,0,0,
sumana2001,,,,,,,0,0,0,
Deepali-Srivastava,,,,,,,0,0,0,
ankitjain28may,,,,,,,0,0,0,
sachinites,,,,,,,0,0,0,
engineerchirag,,,,,,,0,0,0,
SaurabhPagrut,,,,,,,0,0,0,
kalbhor,,,,,,,0,0,0,
DiptoChakrabarty,,,,,,,0,0,0,
VishalNehra,,,,,,,0,0,0,
riteshf,,,,,,,0,0,0,
tirkarthi,,,,,,,0,0,0,
abinavseelan,,,,,,,0,0,0,
ayush013,,,,,,,0,0,0,
Subhampreet,,,,,,,0,0,0,
psibi,,,,,,,0,0,0,
Alex-Dsilva,,,,,,,0,0,0,
p00j4,,,,,,,0,0,0,
devAmoghS,,,,,,,0,0,0,
joeirimpan,,,,,,,0,0,0,
NamanShergill,,,,,,,0,0,0,
heyletscode,,,,,,,0,0,0,
flabbergastedbd,,,,,,,0,0,0,
geekruchika,,,,,,,0,0,0,
Atif8Ted,,,,,,,0,0,0,
BakkappaN,,,,,,,0,0,0,
suprabhasupi,,,,,,,0,0,0,
gcnit,,,,,,,0,0,0,
santoshrajan,,,,,,,0,0,0,
mkfeuhrer,,,,,,,0,0,0,
Lakhankumawat,,,,,,,0,0,0,
iamshadmirza,,,,,,,0,0,0,
jainkuniya,,,,,,,0,0,0,
aswinshenoy,,,,,,,0,0,0,
oke-aditya,,,,,,,0,0,0,
Flipkart,,,,,,,0,0,0,
Basavarajeshwari-Ambi,,,,,,,0,0,0,
adrenak,,,,,,,0,0,0,
tanisha03,,,,,,,0,0,0,
theschoolofai,,,,,,,0,0,0,
govind527,,,,,,,0,0,0,
Amitpnk,,,,,,,0,0,0,
cloudyuga,,,,,,,0,0,0,
ThejasNU,,,,,,,0,0,0,
deepraj1729,,,,,,,0,0,0,
sripathikrishnan,,,,,,,0,0,0,
regunathb,,,,,,,0,0,0,
rchaganti,,,,,,,0,0,0,
anistark,,,,,,,0,0,0,
divijbindlish,,,,,,,0,0,0,
Arun-purakkatt,,,,,,,0,0,0,
schoolofdevops,,,,,,,0,0,0,
gauravk95,,,,,,,0,0,0,
9802HEMENSAN,,,,,,,0,0,0,
gurudath,,,,,,,0,0,0,
Karishmagupta05,,,,,,,0,0,0,
SecOps-Institute,,,,,,,0,0,0,
Thunderbottom,,,,,,,0,0,0,
sohailadnan,,,,,,,0,0,0,
junaidrahim,,,,,,,0,0,0,
DollarAkshay,,,,,,,0,0,0,
t3rm1n4l,,,,,,,0,0,0,
anjanak05,,,,,,,0,0,0,
coderespawn,,,,,,,0,0,0,
prasathmani,,,,,,,0,0,0,
chiragsamal,,,,,,,0,0,0,
subho007,,,,,,,0,0,0,
myinnos,,,,,,,0,0,0,
cseas,,,,,,,0,0,0,
sharma-harshita,,,,,,,0,0,0,
streetdogg,,,,,,,0,0,0,
ip11,,,,,,,0,0,0,
prabhupant,,,,,,,0,0,0,
abhijitkane,,,,,,,0,0,0,
SatYu26,,,,,,,0,0,0,
Ayushk4,,,,,,,0,0,0,
harjeet88,,,,,,,0,0,0,
edyoda,,,,,,,0,0,0,
jishnu7,,,,,,,0,0,0,
aravindavk,,,,,,,0,0,0,
ManojSatishkumar,,,,,,,0,0,0,
